--
-- PostgreSQL database dump
--

\restrict iBjJIEaCEipxQ1GcgPueoShR17tZugUYMsgNSXEPWDC2joBMuWMVDrIFUCQh90e

-- Dumped from database version 16.8
-- Dumped by pg_dump version 16.10 (Homebrew)

SET statement_timeout = 0;
SET lock_timeout = 0;
SET idle_in_transaction_session_timeout = 0;
SET client_encoding = 'UTF8';
SET standard_conforming_strings = on;
SELECT pg_catalog.set_config('search_path', '', false);
SET check_function_bodies = false;
SET xmloption = content;
SET client_min_messages = warning;
SET row_security = off;

--
-- Data for Name: users; Type: TABLE DATA; Schema: public; Owner: -
--



--
-- Data for Name: chat_sessions; Type: TABLE DATA; Schema: public; Owner: -
--


--
-- Essential tables only (filtered from full export)
-- Excluded: chat_conversations, chat_sessions, sales_lead, 
--           sales_lead_user_selection, session_cleanup_logs, user_selection
--

INSERT INTO public.feature (id, name, description, created_at, updated_at, search_vector) VALUES
	(1, 'High-Speed Internet', 'Ultra-fast internet connectivity', '2025-10-03 04:58:34.524171', '2025-10-03 04:58:34.524171', '''connect'':9B ''fast'':7B ''high'':2A ''high-spe'':1A ''internet'':4A,8B ''speed'':3A ''ultra'':6B ''ultra-fast'':5B'),
	(2, 'Netflix Subscription', 'Bundled Netflix streaming service', '2025-10-03 04:58:34.524171', '2025-10-03 04:58:34.524171', '''bundl'':3B ''netflix'':1A,4B ''servic'':6B ''stream'':5B ''subscript'':2A'),
	(3, '24/7 Support', 'Round-the-clock customer support', '2025-10-03 04:58:34.524171', '2025-10-03 04:58:34.524171', '''24/7'':1A ''clock'':6B ''custom'':7B ''round'':4B ''round-the-clock'':3B ''support'':2A,8B'),
	(4, 'Static IP', 'Dedicated static IP address', '2025-10-03 04:58:34.524171', '2025-10-03 04:58:34.524171', '''address'':6B ''dedic'':3B ''ip'':2A,5B ''static'':1A,4B'),
	(5, 'Unlimited Data', 'No data caps or throttling', '2025-10-03 04:58:34.524171', '2025-10-03 04:58:34.524171', '''cap'':5B ''data'':2A,4B ''throttl'':7B ''unlimit'':1A'),
	(301, '100% Fiber Optic Network', 'Runs on the Philippines'' most advanced and youngest 100% fiber optic network.', '2025-10-03 04:58:34.808187', '2025-10-03 04:58:34.808187', '''100'':1A,13B ''advanc'':10B ''fiber'':2A,14B ''network'':4A,16B ''optic'':3A,15B ''philippin'':8B ''run'':5B ''youngest'':12B'),
	(302, 'MEF Certified', 'MEF (Metro Ethernet Forum) certified ethernet connectivity solutions.', '2025-10-03 04:58:34.808187', '2025-10-03 04:58:34.808187', '''certifi'':2A,7B ''connect'':9B ''ethernet'':5B,8B ''forum'':6B ''mef'':1A,3B ''metro'':4B ''solut'':10B'),
	(303, 'High Capacity Connectivity', 'High-capacity range offering from 50Mbps up to 800 Gbps.', '2025-10-03 04:58:34.808187', '2025-10-03 04:58:34.808187', '''50mbps'':10B ''800'':13B ''capac'':2A,6B ''connect'':3A ''gbps'':14B ''high'':1A,5B ''high-capac'':4B ''offer'':8B ''rang'':7B'),
	(304, 'Symmetric Speed', 'Equal upload and download speeds, crucial for business applications.', '2025-10-03 04:58:34.808187', '2025-10-03 04:58:34.808187', '''applic'':11B ''busi'':10B ''crucial'':8B ''download'':6B ''equal'':3B ''speed'':2A,7B ''symmetr'':1A ''upload'':4B'),
	(305, '100% Committed Speed', 'Guaranteed internet speed as per the subscribed plan.', '2025-10-03 04:58:34.808187', '2025-10-03 04:58:34.808187', '''100'':1A ''commit'':2A ''guarante'':4B ''internet'':5B ''per'':8B ''plan'':11B ''speed'':3A,6B ''subscrib'':10B'),
	(306, 'Low Latency', 'Optimized for latency-sensitive applications and critical business tools.', '2025-10-03 04:58:34.808187', '2025-10-03 04:58:34.808187', '''applic'':8B ''busi'':11B ''critic'':10B ''latenc'':2A,6B ''latency-sensit'':5B ''low'':1A ''optim'':3B ''sensit'':7B ''tool'':12B'),
	(307, 'Gigabit Passive Optical Network (GPON)', 'Utilizes GPON technology for high-speed fiber broadband delivery.', '2025-10-03 04:58:34.808187', '2025-10-03 04:58:34.808187', '''broadband'':14B ''deliveri'':15B ''fiber'':13B ''gigabit'':1A ''gpon'':5A,7B ''high'':11B ''high-spe'':10B ''network'':4A ''optic'':3A ''passiv'':2A ''speed'':12B ''technolog'':8B ''util'':6B'),
	(308, 'Disaster Resilient', 'Engineered to be secure and resilient against disasters.', '2025-10-03 04:58:34.808187', '2025-10-03 04:58:34.808187', '''disast'':1A,10B ''engin'':3B ''resili'':2A,8B ''secur'':6B'),
	(309, 'Multiple International IP Transit Points', 'DIA Premium feature ensuring redundancy and optimal routing.', '2025-10-03 04:58:34.808187', '2025-10-03 04:58:34.808187', '''dia'':6B ''ensur'':9B ''featur'':8B ''intern'':2A ''ip'':3A ''multipl'':1A ''optim'':12B ''point'':5A ''premium'':7B ''redund'':10B ''rout'':13B ''transit'':4A'),
	(310, 'Best Route IP Transit', 'DIA Basic feature for efficient traffic routing.', '2025-10-03 04:58:34.808187', '2025-10-03 04:58:34.808187', '''basic'':6B ''best'':1A ''dia'':5B ''effici'':9B ''featur'':7B ''ip'':3A ''rout'':2A,11B ''traffic'':10B ''transit'':4A'),
	(311, 'Bandwidth-on-Demand', 'Allows for flexible and scalable bandwidth adjustments as needed.', '2025-10-03 04:58:34.808187', '2025-10-03 04:58:34.808187', '''adjust'':11B ''allow'':5B ''bandwidth'':2A,10B ''bandwidth-on-demand'':1A ''demand'':4A ''flexibl'':7B ''need'':13B ''scalabl'':9B'),
	(312, 'Anti-DDoS Protection', 'DIA Clean Pipe feature to mitigate Distributed Denial-of-Service attacks.', '2025-10-03 04:58:34.808187', '2025-10-03 04:58:34.808187', '''anti'':2A ''anti-ddo'':1A ''attack'':16B ''clean'':6B ''ddos'':3A ''denial'':13B ''denial-of-servic'':12B ''dia'':5B ''distribut'':11B ''featur'':8B ''mitig'':10B ''pipe'':7B ''protect'':4A ''servic'':15B'),
	(313, 'Express Connect to International IXs', 'Remote IX feature for direct peering with international internet exchanges.', '2025-10-03 04:58:34.808187', '2025-10-03 04:58:34.808187', '''connect'':2A ''direct'':10B ''exchang'':15B ''express'':1A ''featur'':8B ''intern'':4A,13B ''internet'':14B ''ix'':5A,7B ''peer'':11B ''remot'':6B'),
	(314, 'Burst Speeds', 'Fiber Broadband feature allowing speeds to burst up to 2x of the subscribed plan.', '2025-10-03 04:58:34.808187', '2025-10-03 04:58:34.808187', '''2x'':12B ''allow'':6B ''broadband'':4B ''burst'':1A,9B ''featur'':5B ''fiber'':3B ''plan'':16B ''speed'':2A,7B ''subscrib'':15B'),
	(315, 'Instant Connectivity', 'Satellite internet feature for rapid deployment of business-grade internet.', '2025-10-03 04:58:34.808187', '2025-10-03 04:58:34.808187', '''busi'':11B ''business-grad'':10B ''connect'':2A ''deploy'':8B ''featur'':5B ''grade'':12B ''instant'':1A ''internet'':4B,13B ''rapid'':7B ''satellit'':3B'),
	(316, 'Worry-Free Maintenance', 'Managed services feature including setup, operations, and maintenance.', '2025-10-03 04:58:34.808187', '2025-10-03 04:58:34.808187', '''featur'':7B ''free'':3A ''includ'':8B ''mainten'':4A,12B ''manag'':5B ''oper'':10B ''servic'':6B ''setup'':9B ''worri'':2A ''worry-fre'':1A'),
	(317, 'AI-Ready Cloud Operations', 'Scalable and AI-ready cloud infrastructure.', '2025-10-03 04:58:34.808187', '2025-10-03 04:58:34.808187', '''ai'':2A,9B ''ai-readi'':1A,8B ''cloud'':4A,11B ''infrastructur'':12B ''oper'':5A ''readi'':3A,10B ''scalabl'':6B'),
	(318, 'Regulatory Compliant', 'Compliant with GDPR, HIPAA, and the Philippine Data Privacy Act.', '2025-10-03 04:58:34.808187', '2025-10-03 04:58:34.808187', '''act'':12B ''compliant'':2A,3B ''data'':10B ''gdpr'':5B ''hipaa'':6B ''philippin'':9B ''privaci'':11B ''regulatori'':1A');

INSERT INTO public.item (id, name, description, item_type, parent_item_id, price, contract_term, target_audience_id, is_active, created_at, updated_at, search_vector) VALUES
	(1, 'Internet', 'Delivering stable high-speed internet for homes and businesses.', 'solution', NULL, NULL, NULL, 105, true, '2025-10-07 16:25:52.106559', '2025-10-07 16:25:52.106559', '''busi'':11B ''deliv'':2B ''high'':5B ''high-spe'':4B ''home'':9B ''internet'':1A,7B ''speed'':6B ''stabl'':3B'),
	(2, 'Transport', 'Connecting your business wherevere it grows.', 'solution', NULL, NULL, NULL, 105, true, '2025-10-07 16:25:52.114991', '2025-10-07 16:25:52.114991', '''busi'':4B ''connect'':2B ''grow'':7B ''transport'':1A ''wherever'':5B'),
	(21, 'Apps', 'Seamlessly connects with various content platforms to match all your needs', 'category', 4, NULL, NULL, 101, true, '2025-10-07 16:25:52.310436', '2025-10-07 16:25:52.310436', '''app'':1A ''connect'':3B ''content'':6B ''match'':9B ''need'':12B ''platform'':7B ''seamless'':2B ''various'':5B'),
	(42, 'Fiber Broadband PEAK with IP 1000 mbps', 'Fiber Broadband PEAK with IP 1000 mbps', 'product', 8, NULL, NULL, 2, true, '2025-10-07 16:25:52.516062', '2025-10-07 16:25:52.516062', '''1000'':6A,13B ''broadband'':2A,9B ''fiber'':1A,8B ''ip'':5A,12B ''mbps'':7A,14B ''peak'':3A,10B'),
	(3, 'Satellite', 'Reliable high-speed internet for businesses powered by Starlink''s cutting-edge network. Starlink''s Approach Low Earth orbit for faster connectivity (550 km vs 35000+ km)
Lower latency  — around 25 ms vs 600+ ms on traditional satellite internet Covers the entire globe even remote or hard-to-reach areas.', 'solution', NULL, NULL, NULL, 104, true, '2025-10-07 16:25:52.136006', '2025-10-07 16:25:52.136006', '''25'':34B ''35000'':29B ''550'':26B ''600'':37B ''approach'':19B ''area'':54B ''around'':33B ''busi'':8B ''connect'':25B ''cover'':43B ''cut'':14B ''cutting-edg'':13B ''earth'':21B ''edg'':15B ''entir'':45B ''even'':47B ''faster'':24B ''globe'':46B ''hard'':51B ''hard-to-reach'':50B ''high'':4B ''high-spe'':3B ''internet'':6B,42B ''km'':27B,30B ''latenc'':32B ''low'':20B ''lower'':31B ''ms'':35B,38B ''network'':16B ''orbit'':22B ''power'':9B ''reach'':53B ''reliabl'':2B ''remot'':48B ''satellit'':1A,41B ''speed'':5B ''starlink'':11B,17B ''tradit'':40B ''vs'':28B,36B'),
	(4, 'Content', 'Redefining the digital experience of your customers with amazing content', 'solution', NULL, NULL, NULL, 101, true, '2025-10-07 16:25:52.146996', '2025-10-07 16:25:52.146996', '''amaz'':10B ''content'':1A,11B ''custom'':8B ''digit'':4B ''experi'':5B ''redefin'':2B'),
	(5, 'Security Anti-DDos', 'The evolution of Enterprise-grade Connectivity. Giving you not just dedicated but secured Internet Access.Hybrid Anti-DDOS Solutions Strategy Combines the agility of mitigating DDoS attacks through local scrubbing center (within Converge Network) and the capacity of Cloud DDoS protection for large volume attacks. Dedicated Gateway Dedicated gateway for Anti-DDoS subscribers for effective detection and mitigation.Time to detect 0-30 secs | Time to mitigate < 2s (auto)', 'solution', NULL, NULL, NULL, 103, true, '2025-10-07 16:25:52.153993', '2025-10-07 16:25:52.153993', '''-30'':68B ''0'':67B ''2s'':73B ''access.hybrid'':20B ''agil'':28B ''anti'':3A,22B,57B ''anti-ddo'':2A,21B,56B ''attack'':32B,50B ''auto'':74B ''capac'':42B ''center'':36B ''cloud'':44B ''combin'':26B ''connect'':11B ''converg'':38B ''ddos'':4A,23B,31B,45B,58B ''dedic'':16B,51B,53B ''detect'':62B,66B ''effect'':61B ''enterpris'':9B ''enterprise-grad'':8B ''evolut'':6B ''gateway'':52B,54B ''give'':12B ''grade'':10B ''internet'':19B ''larg'':48B ''local'':34B ''mitig'':30B,72B ''mitigation.time'':64B ''network'':39B ''protect'':46B ''scrub'':35B ''sec'':69B ''secur'':1A,18B ''solut'':24B ''strategi'':25B ''subscrib'':59B ''time'':70B ''volum'':49B ''within'':37B'),
	(6, 'Managed Services', 'Seamless support and smarter management for your operations', 'solution', NULL, NULL, NULL, 105, true, '2025-10-07 16:25:52.162368', '2025-10-07 16:25:52.162368', '''manag'':1A,7B ''oper'':10B ''seamless'':3B ''servic'':2A ''smarter'':6B ''support'':4B'),
	(7, 'Colocation Data Centers', 'Ensure your servers are professionally managed for optimal performance keeping critical data and applications running smoothly and reliably. Reliable, secure data center hosting on a resilient pure fiber network—ensuring uninterrupted service and trusted server management.', 'solution', NULL, NULL, NULL, 108, true, '2025-10-07 16:25:52.180558', '2025-10-07 16:25:52.180558', '''applic'':17B ''center'':3A,25B ''coloc'':1A ''critic'':14B ''data'':2A,15B,24B ''ensur'':4B,33B ''fiber'':31B ''host'':26B ''keep'':13B ''manag'':9B,39B ''network'':32B ''optim'':11B ''perform'':12B ''profession'':8B ''pure'':30B ''reliabl'':21B,22B ''resili'':29B ''run'':18B ''secur'':23B ''server'':6B,38B ''servic'':35B ''smooth'':19B ''trust'':37B ''uninterrupt'':34B'),
	(8, 'Fiber Broadband', 'High-speed internet reliable with dedicated & priority support.', 'category', 1, NULL, NULL, 2, true, '2025-10-07 16:25:52.19019', '2025-10-07 16:25:52.19019', '''broadband'':2A ''dedic'':9B ''fiber'':1A ''high'':4B ''high-spe'':3B ''internet'':6B ''prioriti'':10B ''reliabl'':7B ''speed'':5B ''support'':11B'),
	(9, 'Fiber Dedicated', 'For ISPs and businesses with their own AS and IP prefixes.', 'category', 1, NULL, NULL, 108, true, '2025-10-07 16:25:52.201997', '2025-10-07 16:25:52.201997', '''busi'':6B ''dedic'':2A ''fiber'':1A ''ip'':12B ''isp'':4B ''prefix'':13B'),
	(10, 'IX Express', 'Connectivity benefits of an ISP with international presence and capacity', 'category', 1, NULL, NULL, 108, true, '2025-10-07 16:25:52.210054', '2025-10-07 16:25:52.210054', '''benefit'':4B ''capac'':12B ''connect'':3B ''express'':2A ''intern'':9B ''isp'':7B ''ix'':1A ''presenc'':10B'),
	(11, 'IPT Express', 'For ISPs and businesses with their own AS and IP prefixes', 'category', 1, NULL, NULL, 108, true, '2025-10-07 16:25:52.221022', '2025-10-07 16:25:52.221022', '''busi'':6B ''express'':2A ''ip'':12B ''ipt'':1A ''isp'':4B ''prefix'':13B'),
	(12, 'Metro Ethernet', 'Secure high-capacity WAN connectivity for seamless collaboration across locations.', 'category', 2, NULL, NULL, 105, true, '2025-10-07 16:25:52.230071', '2025-10-07 16:25:52.230071', '''across'':12B ''capac'':6B ''collabor'':11B ''connect'':8B ''ethernet'':2A ''high'':5B ''high-capac'':4B ''locat'':13B ''metro'':1A ''seamless'':10B ''secur'':3B ''wan'':7B'),
	(13, 'IP VPN', 'A dedicated private network connectivity service that securely links remote offices together using MPLS technology.', 'category', 2, NULL, NULL, 105, true, '2025-10-07 16:25:52.239063', '2025-10-07 16:25:52.239063', '''connect'':7B ''dedic'':4B ''ip'':1A ''link'':11B ''mpls'':16B ''network'':6B ''offic'':13B ''privat'':5B ''remot'':12B ''secur'':10B ''servic'':8B ''technolog'':17B ''togeth'':14B ''use'':15B ''vpn'':2A'),
	(14, 'FASTER', 'FASTER is a secure Layer 3 VPN over our pure fiber network connecting your offices branches and remote sites.', 'category', 2, NULL, NULL, 105, true, '2025-10-07 16:25:52.250144', '2025-10-07 16:25:52.250144', '''3'':7B ''branch'':17B ''connect'':14B ''faster'':1A,2B ''fiber'':12B ''layer'':6B ''network'':13B ''offic'':16B ''pure'':11B ''remot'':19B ''secur'':5B ''site'':20B ''vpn'':8B'),
	(15, 'Optical Transport Network', 'Secure scalable reliable and flexible optical transport network', 'category', 2, NULL, NULL, 107, true, '2025-10-07 16:25:52.257007', '2025-10-07 16:25:52.257007', '''flexibl'':8B ''network'':3A,11B ''optic'':1A,9B ''reliabl'':6B ''scalabl'':5B ''secur'':4B ''transport'':2A,10B'),
	(16, 'Cloud Direct Connect', 'Private high-throughput link between your enterprise network and public cloud providers (CSP) enabling secure WAN-like integration.', 'category', 2, NULL, NULL, 105, true, '2025-10-07 16:25:52.265002', '2025-10-07 16:25:52.265002', '''cloud'':1A,15B ''connect'':3A ''csp'':17B ''direct'':2A ''enabl'':18B ''enterpris'':11B ''high'':6B ''high-throughput'':5B ''integr'':23B ''like'':22B ''link'':8B ''network'':12B ''privat'':4B ''provid'':16B ''public'':14B ''secur'':19B ''throughput'':7B ''wan'':21B ''wan-lik'':20B'),
	(17, 'DC Express', 'DC Express supports different protocols to connect data centers that host your IT Services and Network Ele', 'category', 2, NULL, NULL, 108, true, '2025-10-07 16:25:52.273398', '2025-10-07 16:25:52.273398', '''center'':11B ''connect'':9B ''data'':10B ''dc'':1A,3B ''differ'':6B ''ele'':19B ''express'':2A,4B ''host'':13B ''network'':18B ''protocol'':7B ''servic'':16B ''support'':5B'),
	(18, 'Ethernet International Private Line', 'Secure scalable Layer 2 WAN connectivity for your global offices via Trans-Asia and Trans-Pacific cables.', 'category', 2, NULL, NULL, 107, true, '2025-10-07 16:25:52.282433', '2025-10-07 16:25:52.282433', '''2'':8B ''asia'':18B ''cabl'':23B ''connect'':10B ''ethernet'':1A ''global'':13B ''intern'':2A ''layer'':7B ''line'':4A ''offic'':14B ''pacif'':22B ''privat'':3A ''scalabl'':6B ''secur'':5B ''tran'':17B,21B ''trans-asia'':16B ''trans-pacif'':20B ''via'':15B ''wan'':9B'),
	(19, 'CLS Express', 'Dedicated Ethernet over DWDM for seamless connectivity between cable landing stat', 'category', 2, NULL, NULL, 108, true, '2025-10-07 16:25:52.290006', '2025-10-07 16:25:52.290006', '''cabl'':11B ''cls'':1A ''connect'':9B ''dedic'':3B ''dwdm'':6B ''ethernet'':4B ''express'':2A ''land'':12B ''seamless'':8B ''stat'':13B'),
	(20, 'Customizable Interface', 'Custom-fit solutions for every setup.', 'category', 2, NULL, NULL, 105, true, '2025-10-07 16:25:52.301114', '2025-10-07 16:25:52.301114', '''custom'':4B ''custom-fit'':3B ''customiz'':1A ''everi'':8B ''fit'':5B ''interfac'':2A ''setup'':9B ''solut'':6B'),
	(22, 'Live Tv', 'Stream your favorite live shows without lag or interruptions', 'category', 4, NULL, NULL, 101, true, '2025-10-07 16:25:52.319978', '2025-10-07 16:25:52.319978', '''favorit'':5B ''interrupt'':11B ''lag'':9B ''live'':1A,6B ''show'':7B ''stream'':3B ''tv'':2A ''without'':8B'),
	(23, 'E-Commerce', 'Offer guests more than live TV unlock more services with built-in eCommerce', 'category', 4, NULL, NULL, 101, true, '2025-10-07 16:25:52.332001', '2025-10-07 16:25:52.332001', '''built'':15B ''built-in'':14B ''commerc'':3A ''e'':2A ''e-commerc'':1A ''ecommerc'':17B ''guest'':5B ''live'':8B ''offer'':4B ''servic'':12B ''tv'':9B ''unlock'':10B'),
	(24, 'In Room Dining', 'Virtually host your menu and more on the guest''s screen', 'category', 4, NULL, NULL, 101, true, '2025-10-07 16:25:52.341053', '2025-10-07 16:25:52.341053', '''dine'':3A ''guest'':12B ''host'':5B ''menu'':7B ''room'':2A ''screen'':14B ''virtual'':4B'),
	(25, 'Hotel Information', 'Turn every screen into a showcase of your hotel''s personality perks and charm', 'category', 4, NULL, NULL, 101, true, '2025-10-07 16:25:52.350015', '2025-10-07 16:25:52.350015', '''charm'':16B ''everi'':4B ''hotel'':1A,11B ''inform'':2A ''perk'':14B ''person'':13B ''screen'':5B ''showcas'':8B ''turn'':3B'),
	(26, 'On-Premise Defense', 'Quick simple mitigation. Local scrubbing center faster recovery. 40 Gbps mitigation capacity (On-Premise Defense)', 'category', 5, NULL, NULL, 103, true, '2025-10-07 16:25:52.361165', '2025-10-07 16:25:52.361165', '''40'':13B ''capac'':16B ''center'':10B ''defens'':4A,20B ''faster'':11B ''gbps'':14B ''local'':8B ''mitig'':7B,15B ''on-premis'':1A,17B ''premis'':3A,19B ''quick'':5B ''recoveri'':12B ''scrub'':9B ''simpl'':6B'),
	(27, 'Hybrid Defenses', 'Integrated Solution. Fastest Time to Mitigation. Defeats Largest DDoS attacks.', 'category', 5, NULL, NULL, 103, true, '2025-10-07 16:25:52.36901', '2025-10-07 16:25:52.36901', '''attack'':12B ''ddos'':11B ''defeat'':9B ''defens'':2A ''fastest'':5B ''hybrid'':1A ''integr'':3B ''largest'':10B ''mitig'':8B ''solut'':4B ''time'':6B'),
	(28, 'Cloud Defenses', 'Advanced Mitigation. Global Cloud Scrubbing centers. Defeats the Largest DDoS attacks.', 'category', 5, NULL, NULL, 103, true, '2025-10-07 16:25:52.378018', '2025-10-07 16:25:52.378018', '''advanc'':3B ''attack'':13B ''center'':8B ''cloud'':1A,6B ''ddos'':12B ''defeat'':9B ''defens'':2A ''global'':5B ''largest'':11B ''mitig'':4B ''scrub'':7B'),
	(29, 'DraaS', 'Disaster Recovery as a Service. An in-country cloud service that safeguards your data with continuous protection and ensures business continuity during disasters outages or cyber attacks—all through an OPEX model.', 'category', 6, NULL, NULL, 103, true, '2025-10-07 16:25:52.38704', '2025-10-07 16:25:52.38704', '''attack'':29B ''busi'':22B ''cloud'':11B ''continu'':18B,23B ''countri'':10B ''cyber'':28B ''data'':16B ''disast'':2B,25B ''draa'':1A ''ensur'':21B ''in-countri'':8B ''model'':34B ''opex'':33B ''outag'':26B ''protect'':19B ''recoveri'':3B ''safeguard'':14B ''servic'':6B,12B'),
	(30, 'SD-WAN', 'A connectivity that works for you. Stabilize & secure your network across multiple locations.', 'category', 6, NULL, NULL, 106, true, '2025-10-07 16:25:52.393971', '2025-10-07 16:25:52.393971', '''across'':14B ''connect'':5B ''locat'':16B ''multipl'':15B ''network'':13B ''sd'':2A ''sd-wan'':1A ''secur'':11B ''stabil'':10B ''wan'':3A ''work'':7B'),
	(31, 'Managed Wi-Fi', 'Seamless and consistent Wi-Fi that''s expertly managed. Simple fast and reliable.', 'category', 6, NULL, NULL, 101, true, '2025-10-07 16:25:52.403999', '2025-10-07 16:25:52.403999', '''consist'':7B ''expert'':13B ''fast'':16B ''fi'':4A,10B ''manag'':1A,14B ''reliabl'':18B ''seamless'':5B ''simpl'':15B ''wi'':3A,9B ''wi-fi'':2A,8B'),
	(32, 'Managed Surveillance', 'Secure Monitor Protect - Managed by Experts. Converge Managed Surveillance provides innovative solutions for property and life protection, using AI to enhance security and efficiency. With Smart Detection and global standards compliance, it offers a scalable approach to modern surveillance.', 'category', 6, NULL, NULL, 105, true, '2025-10-07 16:25:52.415038', '2025-10-07 16:25:52.415038', '''ai'':21B ''approach'':38B ''complianc'':33B ''converg'':9B ''detect'':29B ''effici'':26B ''enhanc'':23B ''expert'':8B ''global'':31B ''innov'':13B ''life'':18B ''manag'':1A,6B,10B ''modern'':40B ''monitor'':4B ''offer'':35B ''properti'':16B ''protect'':5B,19B ''provid'':12B ''scalabl'':37B ''secur'':3B,24B ''smart'':28B ''solut'':14B ''standard'':32B ''surveil'':2A,11B,41B ''use'':20B'),
	(33, 'Fiber Broadband PEAK 50-100 mbps', 'Fiber Broadband PEAK 50-100 mbps', 'product', 8, NULL, NULL, 2, true, '2025-10-07 16:25:52.424043', '2025-10-07 16:25:52.424043', '''-100'':5A,11B ''50'':4A,10B ''broadband'':2A,8B ''fiber'':1A,7B ''mbps'':6A,12B ''peak'':3A,9B'),
	(34, 'Fiber Broadband PEAK 100-200 mbps', 'Fiber Broadband PEAK 100-200 mbps', 'product', 8, NULL, NULL, 2, true, '2025-10-07 16:25:52.437017', '2025-10-07 16:25:52.437017', '''-200'':5A,11B ''100'':4A,10B ''broadband'':2A,8B ''fiber'':1A,7B ''mbps'':6A,12B ''peak'':3A,9B'),
	(35, 'Fiber Broadband PEAK 200-400 mbps', 'Fiber Broadband PEAK 200-400 mbps', 'product', 8, NULL, NULL, 2, true, '2025-10-07 16:25:52.45337', '2025-10-07 16:25:52.45337', '''-400'':5A,11B ''200'':4A,10B ''broadband'':2A,8B ''fiber'':1A,7B ''mbps'':6A,12B ''peak'':3A,9B'),
	(36, 'Fiber Broadband PEAK 300-600 mbps', 'Fiber Broadband PEAK 300-600 mbps', 'product', 8, NULL, NULL, 2, true, '2025-10-07 16:25:52.460961', '2025-10-07 16:25:52.460961', '''-600'':5A,11B ''300'':4A,10B ''broadband'':2A,8B ''fiber'':1A,7B ''mbps'':6A,12B ''peak'':3A,9B'),
	(37, 'Fiber Broadband PEAK 400-800 mbps', 'Fiber Broadband PEAK 400-800 mbps', 'product', 8, NULL, NULL, 2, true, '2025-10-07 16:25:52.470996', '2025-10-07 16:25:52.470996', '''-800'':5A,11B ''400'':4A,10B ''broadband'':2A,8B ''fiber'':1A,7B ''mbps'':6A,12B ''peak'':3A,9B'),
	(38, 'Fiber Broadband PEAK with IP 120 mbps', 'Fiber Broadband PEAK with IP 120 mbps', 'product', 8, NULL, NULL, 2, true, '2025-10-07 16:25:52.481352', '2025-10-07 16:25:52.481352', '''120'':6A,13B ''broadband'':2A,9B ''fiber'':1A,8B ''ip'':5A,12B ''mbps'':7A,14B ''peak'':3A,10B'),
	(39, 'Fiber Broadband PEAK with IP 250 mbps', 'Fiber Broadband PEAK with IP 250 mbps', 'product', 8, NULL, NULL, 2, true, '2025-10-07 16:25:52.492053', '2025-10-07 16:25:52.492053', '''250'':6A,13B ''broadband'':2A,9B ''fiber'':1A,8B ''ip'':5A,12B ''mbps'':7A,14B ''peak'':3A,10B'),
	(40, 'Fiber Broadband PEAK with IP 500 mbps', 'Fiber Broadband PEAK with IP 500 mbps', 'product', 8, NULL, NULL, 2, true, '2025-10-07 16:25:52.50014', '2025-10-07 16:25:52.50014', '''500'':6A,13B ''broadband'':2A,9B ''fiber'':1A,8B ''ip'':5A,12B ''mbps'':7A,14B ''peak'':3A,10B'),
	(41, 'Fiber Broadband PEAK with IP 700 mbps', 'Fiber Broadband PEAK with IP 700 mbps', 'product', 8, NULL, NULL, 2, true, '2025-10-07 16:25:52.508001', '2025-10-07 16:25:52.508001', '''700'':6A,13B ''broadband'':2A,9B ''fiber'':1A,8B ''ip'':5A,12B ''mbps'':7A,14B ''peak'':3A,10B'),
	(43, 'Fiber Broadband DAY 50-100 mbps', 'Fiber Broadband DAY 50-100 mbps', 'product', 8, NULL, NULL, 2, true, '2025-10-07 16:25:52.525004', '2025-10-07 16:25:52.525004', '''-100'':5A,11B ''50'':4A,10B ''broadband'':2A,8B ''day'':3A,9B ''fiber'':1A,7B ''mbps'':6A,12B'),
	(44, 'Fiber Broadband DAY 100-200 mbps', 'Fiber Broadband DAY 100-200 mbps', 'product', 8, NULL, NULL, 2, true, '2025-10-07 16:25:52.535025', '2025-10-07 16:25:52.535025', '''-200'':5A,11B ''100'':4A,10B ''broadband'':2A,8B ''day'':3A,9B ''fiber'':1A,7B ''mbps'':6A,12B'),
	(45, 'Fiber Broadband DAY 200-400 mbps', 'Fiber Broadband DAY 200-400 mbps', 'product', 8, NULL, NULL, 2, true, '2025-10-07 16:25:52.545061', '2025-10-07 16:25:52.545061', '''-400'':5A,11B ''200'':4A,10B ''broadband'':2A,8B ''day'':3A,9B ''fiber'':1A,7B ''mbps'':6A,12B'),
	(46, 'Fiber Broadband DAY 300-600 mbps', 'Fiber Broadband DAY 300-600 mbps', 'product', 8, NULL, NULL, 2, true, '2025-10-07 16:25:52.553095', '2025-10-07 16:25:52.553095', '''-600'':5A,11B ''300'':4A,10B ''broadband'':2A,8B ''day'':3A,9B ''fiber'':1A,7B ''mbps'':6A,12B'),
	(47, 'Fiber Broadband DAY 400-800 mbps', 'Fiber Broadband DAY 400-800 mbps', 'product', 8, NULL, NULL, 2, true, '2025-10-07 16:25:52.5644', '2025-10-07 16:25:52.5644', '''-800'':5A,11B ''400'':4A,10B ''broadband'':2A,8B ''day'':3A,9B ''fiber'':1A,7B ''mbps'':6A,12B'),
	(48, 'Fiber Broadband DAY 500-1000 mbps', 'Fiber Broadband DAY 500-1000 mbps', 'product', 8, NULL, NULL, 2, true, '2025-10-07 16:25:52.574134', '2025-10-07 16:25:52.574134', '''-1000'':5A,11B ''500'':4A,10B ''broadband'':2A,8B ''day'':3A,9B ''fiber'':1A,7B ''mbps'':6A,12B'),
	(49, 'Starlink Enterprise Kit', 'Ideal for fixed-site use with flexible installation longer cables and support for custom router setups.', 'product', 3, NULL, NULL, 104, true, '2025-10-07 16:25:52.582001', '2025-10-07 16:25:52.582001', '''cabl'':14B ''custom'':18B ''enterpris'':2A ''fix'':7B ''fixed-sit'':6B ''flexibl'':11B ''ideal'':4B ''instal'':12B ''kit'':3A ''longer'':13B ''router'':19B ''setup'':20B ''site'':8B ''starlink'':1A ''support'':16B ''use'':9B'),
	(50, 'Starlink Flat High Performance Kit', 'Built for mobility and tough environments offering wider coverage better GPS and reliable connectivity.', 'product', 3, NULL, NULL, 104, true, '2025-10-07 16:25:52.590018', '2025-10-07 16:25:52.590018', '''better'':15B ''built'':6B ''connect'':19B ''coverag'':14B ''environ'':11B ''flat'':2A ''gps'':16B ''high'':3A ''kit'':5A ''mobil'':8B ''offer'':12B ''perform'':4A ''reliabl'':18B ''starlink'':1A ''tough'':10B ''wider'':13B'),
	(51, 'Starlink Mini Kit', 'A compact portable kit that fits in a backpack and delivers fast low-latency internet on the go.', 'product', 3, NULL, NULL, 104, true, '2025-10-07 16:25:52.603006', '2025-10-07 16:25:52.603006', '''backpack'':12B ''compact'':5B ''deliv'':14B ''fast'':15B ''fit'':9B ''go'':22B ''internet'':19B ''kit'':3A,7B ''latenc'':18B ''low'':17B ''low-lat'':16B ''mini'':2A ''portabl'':6B ''starlink'':1A'),
	(52, 'STB with App', 'Php 300 / month / unit', 'product', 2, NULL, NULL, 101, true, '2025-10-07 16:25:52.614046', '2025-10-07 16:25:52.614046', '''300'':5B ''app'':3A ''month'':6B ''php'':4B ''stb'':1A ''unit'':7B'),
	(53, 'Smart TV with App', 'Php 250 / month / unit + cost of Smart TV', 'product', 2, NULL, NULL, 101, true, '2025-10-07 16:25:52.62198', '2025-10-07 16:25:52.62198', '''250'':6B ''app'':4A ''cost'':9B ''month'':7B ''php'':5B ''smart'':1A,11B ''tv'':2A,12B ''unit'':8B'),
	(54, 'App Only', 'Php 250 / month', 'product', 2, NULL, NULL, 101, true, '2025-10-07 16:25:52.632057', '2025-10-07 16:25:52.632057', '''250'':3B ''app'':1A ''month'':4B ''php'':2B'),
	(55, 'Add Ons: Warner Channels', 'Add Ons', 'product', 2, NULL, NULL, 101, true, '2025-10-07 16:25:52.64199', '2025-10-07 16:25:52.64199', '''add'':1A,5B ''channel'':4A ''on'':2A,6B ''warner'':3A'),
	(56, 'Add Ons: Remote', 'Add Ons', 'product', 2, NULL, NULL, 101, true, '2025-10-07 16:25:52.652397', '2025-10-07 16:25:52.652397', '''add'':1A,4B ''on'':2A,5B ''remot'':3A'),
	(57, 'Add Ons: Proxy Changes', 'Add Ons', 'product', 2, NULL, NULL, 101, true, '2025-10-07 16:25:52.659977', '2025-10-07 16:25:52.659977', '''add'':1A,5B ''chang'':4A ''on'':2A,6B ''proxi'':3A'),
	(58, 'Add Ons: CNN', 'Add Ons', 'product', 2, NULL, NULL, 101, true, '2025-10-07 16:25:52.670045', '2025-10-07 16:25:52.670045', '''add'':1A,4B ''cnn'':3A ''on'':2A,5B'),
	(59, 'Add Ons: STB with remote', 'Add Ons', 'product', 2, NULL, NULL, 101, true, '2025-10-07 16:25:52.680988', '2025-10-07 16:25:52.680988', '''add'':1A,6B ''on'':2A,7B ''remot'':5A ''stb'':3A'),
	(60, 'Add Ons: UI Changes', 'Add Ons', 'product', 2, NULL, NULL, 101, true, '2025-10-07 16:25:52.693098', '2025-10-07 16:25:52.693098', '''add'':1A,5B ''chang'':4A ''on'':2A,6B ''ui'':3A'),
	(61, 'Add Ons: Warner Channels + HBO + WarnerTv + Cinemax', 'Add Ons', 'product', 2, NULL, NULL, 101, true, '2025-10-07 16:25:52.706066', '2025-10-07 16:25:52.706066', '''add'':1A,8B ''channel'':4A ''cinemax'':7A ''hbo'':5A ''on'':2A,9B ''warner'':3A ''warnertv'':6A'),
	(62, 'Hotel X Package 270 rooms: Connectivity', 'Secured Direct Internet Access with 1Gig Bandwidth Standard CPE FREE Anti-DDOS', 'product', 2, NULL, NULL, 101, true, '2025-10-07 16:25:52.715001', '2025-10-07 16:25:52.715001', '''1gig'':12B ''270'':4A ''access'':10B ''anti'':18B ''anti-ddo'':17B ''bandwidth'':13B ''connect'':6A ''cpe'':15B ''ddos'':19B ''direct'':8B ''free'':16B ''hotel'':1A ''internet'':9B ''packag'':3A ''room'':5A ''secur'':7B ''standard'':14B ''x'':2A'),
	(63, 'Hotel X Package 270 rooms: Content', 'Hospitality platform set top box Basic content + CNN + Warner Proxy Serve', 'product', 2, NULL, NULL, 101, true, '2025-10-07 16:25:52.724998', '2025-10-07 16:25:52.724998', '''270'':4A ''basic'':12B ''box'':11B ''cnn'':14B ''content'':6A,13B ''hospit'':7B ''hotel'':1A ''packag'':3A ''platform'':8B ''proxi'':16B ''room'':5A ''serv'':17B ''set'':9B ''top'':10B ''warner'':15B ''x'':2A'),
	(64, 'SD-WAN Basic', '25 Mbps 4G/LTE Back Up Huawei H3C Network Design WAN Network Configuration/Commissioning RMA/Device Replacement', 'product', 30, NULL, NULL, 106, true, '2025-10-07 16:25:52.733051', '2025-10-07 16:25:52.733051', '''25'':5B ''4g/lte'':7B ''back'':8B ''basic'':4A ''configuration/commissioning'':16B ''design'':13B ''h3c'':11B ''huawei'':10B ''mbps'':6B ''network'':12B,15B ''replac'':18B ''rma/device'':17B ''sd'':2A ''sd-wan'':1A ''wan'':3A,14B'),
	(65, 'SD-WAN Premium', '50 Mbps 4G/LTE Back Up FORTINET CISCO Cloud and On Prem
Network Design WAN Network Configuration/Commissioning NOC Monitoring SLA Review & Reporting Service Improvement Plan Telco Coordination (3rd party WAN Issue) Software Upgrade/Update Service Delivery Manager Onsite Support RMA/Device Replacement Scheduled Maintenance/Event Support', 'product', 30, NULL, NULL, 105, true, '2025-10-07 16:25:52.743045', '2025-10-07 16:25:52.743045', '''3rd'':31B ''4g/lte'':7B ''50'':5B ''back'':8B ''cisco'':11B ''cloud'':12B ''configuration/commissioning'':20B ''coordin'':30B ''deliveri'':38B ''design'':17B ''fortinet'':10B ''improv'':27B ''issu'':34B ''maintenance/event'':45B ''manag'':39B ''mbps'':6B ''monitor'':22B ''network'':16B,19B ''noc'':21B ''onsit'':40B ''parti'':32B ''plan'':28B ''prem'':15B ''premium'':4A ''replac'':43B ''report'':25B ''review'':24B ''rma/device'':42B ''schedul'':44B ''sd'':2A ''sd-wan'':1A ''servic'':26B,37B ''sla'':23B ''softwar'':35B ''support'':41B,46B ''telco'':29B ''upgrade/update'':36B ''wan'':3A,18B,33B'),
	(66, 'Managed Wi-Fi: Basic Package', 'For customers that are cost conscious, with no brand preference, simple and easy to deploy solution, we deploy Reyee Ruijie, Zyxel for their managed wifi project. Offer to budget hotels, small resorts, small hospitals schools and public office.', 'product', 31, NULL, NULL, 101, true, '2025-10-07 16:25:52.754438', '2025-10-07 16:25:52.754438', '''basic'':5A ''brand'':15B ''budget'':35B ''conscious'':12B ''cost'':11B ''custom'':8B ''deploy'':21B,24B ''easi'':19B ''fi'':4A ''hospit'':40B ''hotel'':36B ''manag'':1A,30B ''offer'':33B ''offic'':44B ''packag'':6A ''prefer'':16B ''project'':32B ''public'':43B ''resort'':38B ''reye'':25B ''ruiji'':26B ''school'':41B ''simpl'':17B ''small'':37B,39B ''solut'':22B ''wi'':3A ''wi-fi'':2A ''wifi'':31B ''zyxel'':27B'),
	(67, 'Managed Wi-Fi: Premium Package', 'For customers that have preference for top brands (see leaders Quadrant below for Enterprise for wired and wireless infra). We can carry Huawei. Offer to 4-5 star Hotels, Luxury resorts, large hospitals, universities, smart buildings and secure government sites.', 'product', 31, NULL, NULL, 101, true, '2025-10-07 16:25:52.761991', '2025-10-07 16:25:52.761991', '''-5'':33B ''4'':32B ''brand'':14B ''build'':42B ''carri'':28B ''custom'':8B ''enterpris'':20B ''fi'':4A ''govern'':45B ''hospit'':39B ''hotel'':35B ''huawei'':29B ''infra'':25B ''larg'':38B ''leader'':16B ''luxuri'':36B ''manag'':1A ''offer'':30B ''packag'':6A ''prefer'':11B ''premium'':5A ''quadrant'':17B ''resort'':37B ''secur'':44B ''see'':15B ''site'':46B ''smart'':41B ''star'':34B ''top'':13B ''univers'':40B ''wi'':3A ''wi-fi'':2A ''wire'':22B ''wireless'':24B'),
	(68, 'Smart Cameras', 'Advanced IP-based camera systems with AI-powered analytics for real-time monitoring and threat detection. Features include motion detection, facial recognition, and night vision capabilities. Ideal for comprehensive surveillance coverage in enterprise environments.', 'product', 32, NULL, '12-36 months', 105, true, '2025-10-10 06:34:49.849203', '2025-10-10 06:34:49.849203', '''advanc'':3B ''ai'':11B ''ai-pow'':10B ''analyt'':13B ''base'':6B ''camera'':2A,7B ''capabl'':31B ''comprehens'':34B ''coverag'':36B ''detect'':21B,25B ''enterpris'':38B ''environ'':39B ''facial'':26B ''featur'':22B ''ideal'':32B ''includ'':23B ''ip'':5B ''ip-bas'':4B ''monitor'':18B ''motion'':24B ''night'':29B ''power'':12B ''real'':16B ''real-tim'':15B ''recognit'':27B ''smart'':1A ''surveil'':35B ''system'':8B ''threat'':20B ''time'':17B ''vision'':30B'),
	(69, 'Access Control', 'Integrated access control system for managing entry permissions across multiple locations. Supports biometric authentication, card readers, and mobile access. Real-time monitoring and audit trails ensure security compliance and operational oversight.', 'product', 32, NULL, '12-36 months', 105, true, '2025-10-10 06:34:49.857193', '2025-10-10 06:34:49.857193', '''access'':1A,4B,21B ''across'':11B ''audit'':27B ''authent'':16B ''biometr'':15B ''card'':17B ''complianc'':31B ''control'':2A,5B ''ensur'':29B ''entri'':9B ''integr'':3B ''locat'':13B ''manag'':8B ''mobil'':20B ''monitor'':25B ''multipl'':12B ''oper'':33B ''oversight'':34B ''permiss'':10B ''reader'':18B ''real'':23B ''real-tim'':22B ''secur'':30B ''support'':14B ''system'':6B ''time'':24B ''trail'':28B'),
	(70, 'People Counting', 'Automated people counting solution using advanced video analytics to track foot traffic and occupancy levels. Provides valuable insights for space utilization, capacity management, and business intelligence. Perfect for retail, offices, and public spaces.', 'product', 32, NULL, '12-36 months', 105, true, '2025-10-10 06:34:49.865228', '2025-10-10 06:34:49.865228', '''advanc'':8B ''analyt'':10B ''autom'':3B ''busi'':27B ''capac'':24B ''count'':2A,5B ''foot'':13B ''insight'':20B ''intellig'':28B ''level'':17B ''manag'':25B ''occup'':16B ''offic'':32B ''peopl'':1A,4B ''perfect'':29B ''provid'':18B ''public'':34B ''retail'':31B ''solut'':6B ''space'':22B,35B ''track'':12B ''traffic'':14B ''use'':7B ''util'':23B ''valuabl'':19B ''video'':9B'),
	(71, 'Entry and Exit Management', 'Comprehensive entry and exit management system for tracking personnel and visitor movements. Features automated gates, turnstiles, and barrier integration with real-time alerts and reporting. Ensures secure facility access control.', 'product', 32, NULL, '12-36 months', 105, true, '2025-10-10 06:34:49.872693', '2025-10-10 06:34:49.872693', '''access'':34B ''alert'':28B ''autom'':18B ''barrier'':22B ''comprehens'':5B ''control'':35B ''ensur'':31B ''entri'':1A,6B ''exit'':3A,8B ''facil'':33B ''featur'':17B ''gate'':19B ''integr'':23B ''manag'':4A,9B ''movement'':16B ''personnel'':13B ''real'':26B ''real-tim'':25B ''report'':30B ''secur'':32B ''system'':10B ''time'':27B ''track'':12B ''turnstil'':20B ''visitor'':15B'),
	(72, 'Perimeter Management', 'Advanced perimeter security solution with intelligent detection and alert systems. Monitors boundaries using thermal cameras, motion sensors, and AI-powered intrusion detection. Ideal for securing large facilities and critical infrastructure.', 'product', 32, NULL, '12-36 months', 105, true, '2025-10-10 06:34:49.879713', '2025-10-10 06:34:49.879713', '''advanc'':3B ''ai'':22B ''ai-pow'':21B ''alert'':11B ''boundari'':14B ''camera'':17B ''critic'':32B ''detect'':9B,25B ''facil'':30B ''ideal'':26B ''infrastructur'':33B ''intellig'':8B ''intrus'':24B ''larg'':29B ''manag'':2A ''monitor'':13B ''motion'':18B ''perimet'':1A,4B ''power'':23B ''secur'':5B,28B ''sensor'':19B ''solut'':6B ''system'':12B ''thermal'':16B ''use'':15B'),
	(73, 'Attendance Management', 'Automated attendance tracking system with biometric and RFID support. Seamlessly integrates with HR systems for accurate time and attendance records. Includes mobile check-in, shift management, and comprehensive reporting capabilities.', 'product', 32, NULL, '12-36 months', 105, true, '2025-10-10 06:34:49.886218', '2025-10-10 06:34:49.886218', '''accur'':18B ''attend'':1A,4B,21B ''autom'':3B ''biometr'':8B ''capabl'':33B ''check'':26B ''check-in'':25B ''comprehens'':31B ''hr'':15B ''includ'':23B ''integr'':13B ''manag'':2A,29B ''mobil'':24B ''record'':22B ''report'':32B ''rfid'':10B ''seamless'':12B ''shift'':28B ''support'':11B ''system'':6B,16B ''time'':19B ''track'':5B'),
	(74, 'Visitor Management', 'Digital visitor management system for pre-registration, check-in, and tracking of guests. Features include badge printing, host notifications, and compliance with security protocols. Streamlines visitor processing while maintaining security standards.', 'product', 32, NULL, '12-36 months', 105, true, '2025-10-10 06:34:49.893225', '2025-10-10 06:34:49.893225', '''badg'':20B ''check'':12B ''check-in'':11B ''complianc'':25B ''digit'':3B ''featur'':18B ''guest'':17B ''host'':22B ''includ'':19B ''maintain'':33B ''manag'':2A,5B ''notif'':23B ''pre'':9B ''pre-registr'':8B ''print'':21B ''process'':31B ''protocol'':28B ''registr'':10B ''secur'':27B,34B ''standard'':35B ''streamlin'':29B ''system'':6B ''track'':15B ''visitor'':1A,4B,30B');

-- Insert parent tables first (foreign key dependencies)
INSERT INTO public.target_audience (id, name, description, created_at, updated_at) VALUES
	(1, 'Residential', '', '2025-10-03 04:58:34.50513', '2025-10-07 16:25:52.012028'),
	(2, 'SME', '', '2025-10-03 04:58:34.50513', '2025-10-07 16:25:52.025011'),
	(101, 'Hospitality', 'Businesses in the hospitality sector, such as hotels.', '2025-10-03 04:58:34.808187', '2025-10-07 16:25:52.034024'),
	(102, 'Government & Retails', 'Entities in the public sector and retail businesses.', '2025-10-03 04:58:34.808187', '2025-10-07 16:25:52.042992'),
	(103, 'Banking & Financial Services', 'Financial institutions and banks.', '2025-10-03 04:58:34.808187', '2025-10-07 16:25:52.050033'),
	(104, 'Construction & Mining', 'Companies in the construction and mining industries.', '2025-10-03 04:58:34.808187', '2025-10-07 16:25:52.060427'),
	(105, 'Enterprise', 'General large-scale business operations.', '2025-10-03 04:58:34.50513', '2025-10-07 16:25:52.073092'),
	(106, 'Small Branches', 'Smaller or branch offices of businesses.', '2025-10-03 04:58:34.808187', '2025-10-07 16:25:52.079979'),
	(107, 'Multinational Companies', 'Corporations that operate in multiple countries.', '2025-10-03 04:58:34.808187', '2025-10-07 16:25:52.088366'),
	(108, 'Digital Innovators', 'The world''s largest digital innovators and hyperscalers.', '2025-10-03 04:58:34.808187', '2025-10-07 16:25:52.096034');

INSERT INTO public.product_category (id, name, description, created_at, updated_at) VALUES
	(1, 'Fiber Internet', 'High-speed fiber optic internet services', '2025-10-03 04:58:34.514151', '2025-10-03 04:58:34.514151'),
	(2, 'Business Solutions', 'Comprehensive business connectivity solutions', '2025-10-03 04:58:34.514151', '2025-10-03 04:58:34.514151'),
	(3, 'Mobile Data', '5G mobile data plans and services', '2025-10-03 04:58:34.514151', '2025-10-03 04:58:34.514151'),
	(201, 'Data', 'Globally certified connectivity solutions running on a 100% fiber network.', '2025-10-03 04:58:34.808187', '2025-10-03 04:58:34.808187'),
	(202, 'Dedicated Internet Access', 'Leased line internet with 100% committed speed and symmetric upload & download.', '2025-10-03 04:58:34.808187', '2025-10-03 04:58:34.808187'),
	(203, 'Fiber Broadband', 'Enterprise-grade fiber broadband for small branches utilizing Gigabit Passive Optical Network.', '2025-10-03 04:58:34.808187', '2025-10-03 04:58:34.808187'),
	(204, 'Satellite Internet', 'Instant business-grade internet connection via satellite.', '2025-10-03 04:58:34.808187', '2025-10-03 04:58:34.808187'),
	(205, 'Managed Services', 'OPEX-based hardware and service bundles for worry-free setup, operations & maintenance.', '2025-10-03 04:58:34.808187', '2025-10-03 04:58:34.808187'),
	(206, 'Cloud, AI & Cybersecurity', 'Scalable, regulatory compliant & AI-ready cloud operations and application development.', '2025-10-03 04:58:34.808187', '2025-10-03 04:58:34.808187'),
	(207, 'CoLocation', 'Data Center solutions for hosting, storage, infrastructure, and disaster recovery.', '2025-10-03 04:58:34.808187', '2025-10-03 04:58:34.808187'),
	(208, 'Cable Systems', 'Premium, secure, and disaster-resilient undersea cable capacity.', '2025-10-03 04:58:34.808187', '2025-10-03 04:58:34.808187'),
	(4, 'Internet', 'Internet products and services', '2025-10-07 02:05:19.573929', '2025-10-07 02:05:19.573929'),
	(5, 'Transport', 'Transport products and services', '2025-10-07 02:05:19.588972', '2025-10-07 02:05:19.588972'),
	(6, 'Security', 'Security products and services', '2025-10-07 02:05:19.600766', '2025-10-07 02:05:19.600766'),
	(7, 'Colocation', 'Colocation products and services', '2025-10-07 02:05:19.610773', '2025-10-07 02:05:19.610773');

-- Now insert products (child table)
INSERT INTO public.product (id, name, description, target_audience_id, product_category_id, price, contract_term, created_at, updated_at, search_vector) VALUES
	(1001, 'eLine', 'A point-to-point MEF certified ethernet connectivity solution.', 105, 201, NULL, NULL, '2025-10-03 04:58:34.808187', '2025-10-03 04:58:34.808187', '''certifi'':8B ''connect'':10B ''elin'':1A ''ethernet'':9B ''mef'':7B ''point'':4B,6B ''point-to-point'':3B ''solut'':11B'),
	(1002, 'eLAN', 'A multipoint-to-multipoint MEF certified ethernet connectivity solution.', 105, 201, NULL, NULL, '2025-10-03 04:58:34.808187', '2025-10-03 04:58:34.808187', '''certifi'':8B ''connect'':10B ''elan'':1A ''ethernet'':9B ''mef'':7B ''multipoint'':4B,6B ''multipoint-to-multipoint'':3B ''solut'':11B'),
	(1003, 'eTree', 'A point-to-multipoint MEF certified ethernet connectivity solution.', 105, 201, NULL, NULL, '2025-10-03 04:58:34.808187', '2025-10-03 04:58:34.808187', '''certifi'':8B ''connect'':10B ''ethernet'':9B ''etre'':1A ''mef'':7B ''multipoint'':6B ''point'':4B ''point-to-multipoint'':3B ''solut'':11B'),
	(1004, 'eAccess', 'MEF certified ethernet access solution.', 105, 201, NULL, NULL, '2025-10-03 04:58:34.808187', '2025-10-03 04:58:34.808187', '''access'':5B ''certifi'':3B ''eaccess'':1A ''ethernet'':4B ''mef'':2B ''solut'':6B'),
	(1005, 'IP-VPN (Layer 3)', 'Secure and private network connectivity over a shared infrastructure using Layer 3.', 105, 201, NULL, NULL, '2025-10-03 04:58:34.808187', '2025-10-03 04:58:34.808187', '''3'':5A,17B ''connect'':10B ''infrastructur'':14B ''ip'':2A ''ip-vpn'':1A ''layer'':4A,16B ''network'':9B ''privat'':8B ''secur'':6B ''share'':13B ''use'':15B ''vpn'':3A'),
	(1006, 'Metro Lambda', 'High-capacity point-to-point connectivity using the Optical Transport Network.', 105, 201, NULL, NULL, '2025-10-03 04:58:34.808187', '2025-10-03 04:58:34.808187', '''capac'':5B ''connect'':10B ''high'':4B ''high-capac'':3B ''lambda'':2A ''metro'':1A ''network'':15B ''optic'':13B ''point'':7B,9B ''point-to-point'':6B ''transport'':14B ''use'':11B'),
	(1007, 'Data Center Express', 'High-capacity connectivity solution for data centers.', 105, 201, NULL, NULL, '2025-10-03 04:58:34.808187', '2025-10-03 04:58:34.808187', '''capac'':6B ''center'':2A,11B ''connect'':7B ''data'':1A,10B ''express'':3A ''high'':5B ''high-capac'':4B ''solut'':8B'),
	(1008, 'Cable Landing Express', 'High-capacity connectivity solution for submarine cable landing stations.', 105, 201, NULL, NULL, '2025-10-03 04:58:34.808187', '2025-10-03 04:58:34.808187', '''cabl'':1A,11B ''capac'':6B ''connect'':7B ''express'':3A ''high'':5B ''high-capac'':4B ''land'':2A,12B ''solut'':8B ''station'':13B ''submarin'':10B'),
	(1009, 'IPLC/IEPL', 'International Private Leased Circuit for dedicated, secure international data transmission.', 107, 201, NULL, NULL, '2025-10-03 04:58:34.808187', '2025-10-03 04:58:34.808187', '''circuit'':5B ''data'':10B ''dedic'':7B ''intern'':2B,9B ''iplc/iepl'':1A ''leas'':4B ''privat'':3B ''secur'':8B ''transmiss'':11B'),
	(1010, 'Cloud Direct Connect', 'Private, dedicated connection to major cloud service providers (e.g., via Equinix).', 105, 201, NULL, NULL, '2025-10-03 04:58:34.808187', '2025-10-03 04:58:34.808187', '''cloud'':1A,9B ''connect'':3A,6B ''dedic'':5B ''direct'':2A ''e.g'':12B ''equinix'':14B ''major'':8B ''privat'':4B ''provid'':11B ''servic'':10B ''via'':13B'),
	(1011, 'DIA Premium', 'Dedicated Internet with multiple international IP Transit points for maximum redundancy.', 105, 202, NULL, NULL, '2025-10-03 04:58:34.808187', '2025-10-03 04:58:34.808187', '''dedic'':3B ''dia'':1A ''intern'':7B ''internet'':4B ''ip'':8B ''maximum'':12B ''multipl'':6B ''point'':10B ''premium'':2A ''redund'':13B ''transit'':9B'),
	(1012, 'DIA Basic', 'Dedicated Internet using the best-route IP Transit point for optimal performance.', 105, 202, NULL, NULL, '2025-10-03 04:58:34.808187', '2025-10-03 04:58:34.808187', '''basic'':2A ''best'':8B ''best-rout'':7B ''dedic'':3B ''dia'':1A ''internet'':4B ''ip'':10B ''optim'':14B ''perform'':15B ''point'':12B ''rout'':9B ''transit'':11B ''use'':5B'),
	(1013, 'DIA Bandwidth-on-Demand', 'Flexible Dedicated Internet where bandwidth can be increased as needed.', 105, 202, NULL, NULL, '2025-10-03 04:58:34.808187', '2025-10-03 04:58:34.808187', '''bandwidth'':3A,10B ''bandwidth-on-demand'':2A ''dedic'':7B ''demand'':5A ''dia'':1A ''flexibl'':6B ''increas'':13B ''internet'':8B ''need'':15B'),
	(1014, 'DIA Clean Pipe', 'Dedicated Internet with included Anti-DDoS mitigation service.', 105, 202, NULL, NULL, '2025-10-03 04:58:34.808187', '2025-10-03 04:58:34.808187', '''anti'':9B ''anti-ddo'':8B ''clean'':2A ''ddos'':10B ''dedic'':4B ''dia'':1A ''includ'':7B ''internet'':5B ''mitig'':11B ''pipe'':3A ''servic'':12B'),
	(1015, 'IP Transit', 'Service providing direct access to the global internet backbone.', 105, 202, NULL, NULL, '2025-10-03 04:58:34.808187', '2025-10-03 04:58:34.808187', '''access'':6B ''backbon'':11B ''direct'':5B ''global'':9B ''internet'':10B ''ip'':1A ''provid'':4B ''servic'':3B ''transit'':2A'),
	(1016, 'Remote IX', 'Express connect service to international Internet Exchanges for peering.', 105, 202, NULL, NULL, '2025-10-03 04:58:34.808187', '2025-10-03 04:58:34.808187', '''connect'':4B ''exchang'':9B ''express'':3B ''intern'':7B ''internet'':8B ''ix'':2A ''peer'':11B ''remot'':1A ''servic'':5B'),
	(1017, 'DIA Standard 50Mbps', '50Mbps bandwidth with a /28 IP Address block.', 105, 202, 17800.00, '12 months', '2025-10-03 04:58:34.808187', '2025-10-03 04:58:34.808187', '''/28'':8B ''12'':12C ''50mbps'':3A,4B ''address'':10B ''bandwidth'':5B ''block'':11B ''dia'':1A ''ip'':9B ''month'':13C ''standard'':2A'),
	(1018, 'DIA Standard 100Mbps', '100Mbps bandwidth with a /27 IP Address block.', 105, 202, 26700.00, '12 months', '2025-10-03 04:58:34.808187', '2025-10-03 04:58:34.808187', '''/27'':8B ''100mbps'':3A,4B ''12'':12C ''address'':10B ''bandwidth'':5B ''block'':11B ''dia'':1A ''ip'':9B ''month'':13C ''standard'':2A'),
	(1019, 'DIA Standard 150Mbps', '150Mbps bandwidth with a /27 IP Address block.', 105, 202, 32800.00, '12 months', '2025-10-03 04:58:34.808187', '2025-10-03 04:58:34.808187', '''/27'':8B ''12'':12C ''150mbps'':3A,4B ''address'':10B ''bandwidth'':5B ''block'':11B ''dia'':1A ''ip'':9B ''month'':13C ''standard'':2A'),
	(1020, 'DIA Standard 200Mbps', '200Mbps bandwidth with a /27 IP Address block.', 105, 202, 39600.00, '12 months', '2025-10-03 04:58:34.808187', '2025-10-03 04:58:34.808187', '''/27'':8B ''12'':12C ''200mbps'':3A,4B ''address'':10B ''bandwidth'':5B ''block'':11B ''dia'':1A ''ip'':9B ''month'':13C ''standard'':2A'),
	(1021, 'DIA Standard 300Mbps', '300Mbps bandwidth with a /27 IP Address block.', 105, 202, 51700.00, '12 months', '2025-10-03 04:58:34.808187', '2025-10-03 04:58:34.808187', '''/27'':8B ''12'':12C ''300mbps'':3A,4B ''address'':10B ''bandwidth'':5B ''block'':11B ''dia'':1A ''ip'':9B ''month'':13C ''standard'':2A'),
	(1022, 'DIA Standard 500Mbps', '500Mbps bandwidth with a /25 IP Address block.', 105, 202, 75300.00, '12 months', '2025-10-03 04:58:34.808187', '2025-10-03 04:58:34.808187', '''/25'':8B ''12'':12C ''500mbps'':3A,4B ''address'':10B ''bandwidth'':5B ''block'':11B ''dia'':1A ''ip'':9B ''month'':13C ''standard'':2A'),
	(1023, 'DIA Standard 1Gbps', '1Gbps bandwidth with a /26 IP Address block.', 105, 202, 135200.00, '12 months', '2025-10-03 04:58:34.808187', '2025-10-03 04:58:34.808187', '''/26'':8B ''12'':12C ''1gbps'':3A,4B ''address'':10B ''bandwidth'':5B ''block'':11B ''dia'':1A ''ip'':9B ''month'':13C ''standard'':2A'),
	(1024, 'Business Fiber Internet', 'Award-winning enterprise-grade fiber broadband internet for small branches.', 106, 203, NULL, NULL, '2025-10-03 04:58:34.808187', '2025-10-03 04:58:34.808187', '''award'':5B ''award-win'':4B ''branch'':15B ''broadband'':11B ''busi'':1A ''enterpris'':8B ''enterprise-grad'':7B ''fiber'':2A,10B ''grade'':9B ''internet'':3A,12B ''small'':14B ''win'':6B'),
	(1025, 'Business Fiber Work-from-Home', 'A fiber broadband plan for remote work that can burst up to 2x of the subscribed speed.', 106, 203, NULL, NULL, '2025-10-03 04:58:34.808187', '2025-10-03 04:58:34.808187', '''2x'':19B ''broadband'':9B ''burst'':16B ''busi'':1A ''fiber'':2A,8B ''home'':6A ''plan'':10B ''remot'':12B ''speed'':23B ''subscrib'':22B ''work'':4A,13B ''work-from-hom'':3A'),
	(1026, 'Starlink for Business', 'Instant business-grade satellite internet connection with speeds up to 220Mbps.', 105, 204, NULL, NULL, '2025-10-03 04:58:34.808187', '2025-10-03 04:58:34.808187', '''220mbps'':15B ''busi'':3A,6B ''business-grad'':5B ''connect'':10B ''grade'':7B ''instant'':4B ''internet'':9B ''satellit'':8B ''speed'':12B ''starlink'':1A'),
	(1027, 'Content Plus', 'A resilient, high-performance digital ecosystem for in-room hotel entertainment, featuring HD/SD channels, streaming, eCommerce integration, and web portal management.', 101, 205, NULL, NULL, '2025-10-03 04:58:34.808187', '2025-10-03 04:58:34.808187', '''channel'':9B ''content'':1A ''e'':8B ''e-channel'':7B ''entertain'':16B ''hd'':6B ''hotel'':4A,15B ''in-room'':12B ''plus'':2A ''room'':14B ''solut'':10B'),
	(1028, 'Managed Wi-Fi Plus', 'A complete, managed Wi-Fi solution for businesses.', 105, 205, NULL, NULL, '2025-10-03 04:58:34.808187', '2025-10-03 04:58:34.808187', '''busi'':14B ''complet'':7B ''fi'':4A,11B ''manag'':1A,8B ''plus'':5A ''solut'':12B ''wi'':3A,10B ''wi-fi'':2A,9B'),
	(1029, 'Managed SD-WAN', 'A managed Software-Defined Wide Area Network solution for optimized network performance.', 105, 205, NULL, NULL, '2025-10-03 04:58:34.808187', '2025-10-03 04:58:34.808187', '''area'':11B ''defin'':9B ''manag'':1A,6B ''network'':12B,16B ''optim'':15B ''perform'':17B ''sd'':3A ''sd-wan'':2A ''softwar'':8B ''software-defin'':7B ''solut'':13B ''wan'':4A ''wide'':10B'),
	(1030, 'Managed Intelligent Surveillance + IoT', 'An intelligent surveillance solution with analytics and IoT integration.', 105, 205, NULL, NULL, '2025-10-03 04:58:34.808187', '2025-10-03 04:58:34.808187', '''analyt'':10B ''integr'':13B ''intellig'':2A,6B ''iot'':4A,12B ''manag'':1A ''solut'':8B ''surveil'':3A,7B'),
	(1031, 'Managed Cloud (Public + Sovereign)', 'Managed cloud services for both public and sovereign cloud environments.', 105, 206, NULL, NULL, '2025-10-03 04:58:34.808187', '2025-10-03 04:58:34.808187', '''cloud'':2A,6B,13B ''environ'':14B ''manag'':1A,5B ''public'':3A,10B ''servic'':7B ''sovereign'':4A,12B'),
	(1032, 'SecOps Studio', 'A suite of tools and services for security operations.', 105, 206, NULL, NULL, '2025-10-03 04:58:34.808187', '2025-10-03 04:58:34.808187', '''oper'':11B ''secop'':1A ''secur'':10B ''servic'':8B ''studio'':2A ''suit'':4B ''tool'':6B'),
	(1033, 'App Studio', 'A suite of tools and services for rapid, AI-enhanced application development.', 105, 206, NULL, NULL, '2025-10-03 04:58:34.808187', '2025-10-03 04:58:34.808187', '''ai'':12B ''ai-enhanc'':11B ''app'':1A ''applic'':14B ''develop'':15B ''enhanc'':13B ''rapid'':10B ''servic'':8B ''studio'':2A ''suit'':4B ''tool'':6B'),
	(1034, 'Managed Productivity', 'Managed solutions for business productivity applications.', 105, 206, NULL, NULL, '2025-10-03 04:58:34.808187', '2025-10-03 04:58:34.808187', '''applic'':8B ''busi'':6B ''manag'':1A,3B ''product'':2A,7B ''solut'':4B'),
	(1035, 'DC - IT Reliance Center, Pasig City', 'Co-location services at the IT Reliance Center in Pasig City.', 105, 207, NULL, NULL, '2025-10-03 04:58:34.808187', '2025-10-03 04:58:34.808187', '''center'':4A,15B ''citi'':6A,18B ''co'':8B ''co-loc'':7B ''dc'':1A ''locat'':9B ''pasig'':5A,17B ''relianc'':3A,14B ''servic'':10B'),
	(1036, 'DC - Clark City Pampanga', 'Co-location services at the Clark City data center in Pampanga.', 105, 207, NULL, NULL, '2025-10-03 04:58:34.808187', '2025-10-03 04:58:34.808187', '''center'':14B ''citi'':3A,12B ''clark'':2A,11B ''co'':6B ''co-loc'':5B ''data'':13B ''dc'':1A ''locat'':7B ''pampanga'':4A,16B ''servic'':8B'),
	(1037, 'DC - Caloocan City, Metro Manila', 'Co-location services at the Caloocan City data center.', 105, 207, NULL, NULL, '2025-10-03 04:58:34.808187', '2025-10-03 04:58:34.808187', '''caloocan'':2A,12B ''center'':15B ''citi'':3A,13B ''co'':7B ''co-loc'':6B ''data'':14B ''dc'':1A ''locat'':8B ''manila'':5A ''metro'':4A ''servic'':9B'),
	(1038, 'DC - Angeles City Pampanga', 'Co-location services at the Angeles City data center in Pampanga.', 105, 207, NULL, NULL, '2025-10-03 04:58:34.808187', '2025-10-03 04:58:34.808187', '''angel'':2A,11B ''center'':14B ''citi'':3A,12B ''co'':6B ''co-loc'':5B ''data'':13B ''dc'':1A ''locat'':7B ''pampanga'':4A,16B ''servic'':8B'),
	(1039, 'BIFROST Cable System', 'Direct undersea cable connect to Singapore, Guam, and USA (Oregon & California) up to 15 Tbps.', 108, 208, NULL, NULL, '2025-10-03 04:58:34.808187', '2025-10-03 04:58:34.808187', '''15'':17B ''bifrost'':1A ''cabl'':2A,6B ''california'':14B ''connect'':7B ''direct'':4B ''guam'':10B ''oregon'':13B ''singapor'':9B ''system'':3A ''tbps'':18B ''undersea'':5B ''usa'':12B'),
	(1040, 'SEA-H2X Cable System', 'Direct undersea cable connect to Singapore, Hong Kong, China, Malaysia, Thailand, and more — up to 40 Tbps.', 108, 208, NULL, NULL, '2025-10-03 04:58:34.808187', '2025-10-03 04:58:34.808187', '''40'':16B ''cabl'':4A,8B ''connect'':9B ''direct'':6B ''h2x'':3A ''hong'':12B ''kong'':13B ''sea'':2A ''sea-h2x'':1A ''singapor'':11B ''system'':5A ''tbps'':17B ''undersea'':7B'),
	(1, 'Fiber Broadband', 'High-speed internet, reliable, with dedicated & priority support.', 1, 4, NULL, NULL, '2025-10-07 02:05:19.630702', '2025-10-07 02:05:19.630702', '''broadband'':2A ''dedic'':9B ''fiber'':1A ''high'':4B ''high-spe'':3B ''internet'':6B ''prioriti'':10B ''reliabl'':7B ''speed'':5B ''support'':11B'),
	(2, 'Fiber Dedicated', 'For ISPs and businesses with their own AS and IP prefixes.', 1, 4, NULL, NULL, '2025-10-07 02:05:19.690716', '2025-10-07 02:05:19.690716', '''busi'':6B ''dedic'':2A ''fiber'':1A ''ip'':12B ''isp'':4B ''prefix'':13B'),
	(3, 'IX Express', 'Connectivity benefits of an ISP with international presence and capacity', 1, 4, NULL, NULL, '2025-10-07 02:05:19.710701', '2025-10-07 02:05:19.710701', '''benefit'':4B ''capac'':12B ''connect'':3B ''express'':2A ''intern'':9B ''isp'':7B ''ix'':1A ''presenc'':10B'),
	(4, 'IPT Express', 'For ISPs and businesses with their own AS and IP prefixes.', 1, 4, NULL, NULL, '2025-10-07 02:05:19.730748', '2025-10-07 02:05:19.730748', '''busi'':6B ''express'':2A ''ip'':12B ''ipt'':1A ''isp'':4B ''prefix'':13B'),
	(5, 'Metro Ethernet', 'Secure, high-capacity WAN connectivity for seamless collaboration across locations.', 1, 5, NULL, NULL, '2025-10-07 02:05:19.750766', '2025-10-07 02:05:19.750766', '''across'':12B ''capac'':6B ''collabor'':11B ''connect'':8B ''ethernet'':2A ''high'':5B ''high-capac'':4B ''locat'':13B ''metro'':1A ''seamless'':10B ''secur'':3B ''wan'':7B'),
	(6, 'IP VPN', 'A dedicated, private network connectivity service that securely links remote offices together using MPLS technology.', 1, 5, NULL, NULL, '2025-10-07 02:05:19.77079', '2025-10-07 02:05:19.77079', '''connect'':7B ''dedic'':4B ''ip'':1A ''link'':11B ''mpls'':16B ''network'':6B ''offic'':13B ''privat'':5B ''remot'':12B ''secur'':10B ''servic'':8B ''technolog'':17B ''togeth'':14B ''use'':15B ''vpn'':2A'),
	(7, 'FASTER', 'FASTER is a secure Layer 3 VPN over our pure fiber network, connecting your offices, branches, and remote sites.', 1, 5, NULL, NULL, '2025-10-07 02:05:19.795774', '2025-10-07 02:05:19.795774', '''3'':7B ''branch'':17B ''connect'':14B ''faster'':1A,2B ''fiber'':12B ''layer'':6B ''network'':13B ''offic'':16B ''pure'':11B ''remot'':19B ''secur'':5B ''site'':20B ''vpn'':8B'),
	(8, 'Optical Transport Network', 'Secure, scalable, reliable, and flexible optical transport network', 1, 5, NULL, NULL, '2025-10-07 02:05:19.815792', '2025-10-07 02:05:19.815792', '''flexibl'':8B ''network'':3A,11B ''optic'':1A,9B ''reliabl'':6B ''scalabl'':5B ''secur'':4B ''transport'':2A,10B'),
	(9, 'DC Express', 'DC Express supports different protocols to connect data centers that host your IT Services and Network Elements.', 1, 5, NULL, NULL, '2025-10-07 02:05:19.929038', '2025-10-07 02:05:19.929038', '''center'':11B ''connect'':9B ''data'':10B ''dc'':1A,3B ''differ'':6B ''element'':19B ''express'':2A,4B ''host'':13B ''network'':18B ''protocol'':7B ''servic'':16B ''support'':5B'),
	(10, 'Ethernet International Private Line', 'Secure, scalable Layer 2 WAN connectivity for your global offices via Trans-Asia and Trans-Pacific cables.', 1, 5, NULL, NULL, '2025-10-07 02:05:19.945724', '2025-10-07 02:05:19.945724', '''2'':8B ''asia'':18B ''cabl'':23B ''connect'':10B ''ethernet'':1A ''global'':13B ''intern'':2A ''layer'':7B ''line'':4A ''offic'':14B ''pacif'':22B ''privat'':3A ''scalabl'':6B ''secur'':5B ''tran'':17B,21B ''trans-asia'':16B ''trans-pacif'':20B ''via'':15B ''wan'':9B'),
	(11, 'Anti-DDoS', 'The evolution of Enterprise-grade Connectivity. Giving you not just dedicated but secured Internet Access.', 1, 6, NULL, NULL, '2025-10-07 02:05:19.971135', '2025-10-07 02:05:19.971135', '''access'':19B ''anti'':2A ''anti-ddo'':1A ''connect'':10B ''ddos'':3A ''dedic'':15B ''enterpris'':8B ''enterprise-grad'':7B ''evolut'':5B ''give'':11B ''grade'':9B ''internet'':18B ''secur'':17B'),
	(12, 'DraaS', 'An in-country cloud service that safeguards your data with continuous protection and ensures business continuity during disasters, outages, or cyber attacks—all through an OPEX model.', 1, 205, NULL, NULL, '2025-10-07 02:05:19.990736', '2025-10-07 02:05:19.990736', '''attack'':24B ''busi'':17B ''cloud'':6B ''continu'':13B,18B ''countri'':5B ''cyber'':23B ''data'':11B ''disast'':20B ''draa'':1A ''ensur'':16B ''in-countri'':3B ''model'':29B ''opex'':28B ''outag'':21B ''protect'':14B ''safeguard'':9B ''servic'':7B'),
	(13, 'SD-WAN', 'A connectivity that works for you. Stabilize & secure your network across multiple locations.', 1, 205, NULL, NULL, '2025-10-07 02:05:20.017048', '2025-10-07 02:05:20.017048', '''across'':14B ''connect'':5B ''locat'':16B ''multipl'':15B ''network'':13B ''sd'':2A ''sd-wan'':1A ''secur'':11B ''stabil'':10B ''wan'':3A ''work'':7B'),
	(14, 'Managed Wi-Fi', 'Seamless and consistent Wi-Fi that''s expertly managed. Simple, fast & reliable.', 1, 205, NULL, NULL, '2025-10-07 02:05:20.035758', '2025-10-07 02:05:20.035758', '''consist'':7B ''expert'':13B ''fast'':16B ''fi'':4A,10B ''manag'':1A,14B ''reliabl'':17B ''seamless'':5B ''simpl'':15B ''wi'':3A,9B ''wi-fi'':2A,8B'),
	(15, 'Managed Surveillance', 'Converge Managed Surveillance offers smart, AI-powered security to protect your property, business, and people—boosting efficiency and awareness with global-standard compliance and scalable design.', 1, 205, NULL, NULL, '2025-10-07 02:05:20.058013', '2025-10-07 02:05:20.058013', '''ai'':9B ''ai-pow'':8B ''awar'':22B ''boost'':19B ''busi'':16B ''complianc'':27B ''converg'':3B ''design'':30B ''effici'':20B ''global'':25B ''global-standard'':24B ''manag'':1A,4B ''offer'':6B ''peopl'':18B ''power'':10B ''properti'':15B ''protect'':13B ''scalabl'':29B ''secur'':11B ''smart'':7B ''standard'':26B ''surveil'':2A,5B'),
	(16, 'Colocation Data Centers', 'Ensure your servers are professionally managed for optimal performance, keeping critical data and applications running smoothly and reliably.', 1, 7, NULL, NULL, '2025-10-07 02:05:20.078043', '2025-10-07 02:05:20.078043', '''applic'':17B ''center'':3A ''coloc'':1A ''critic'':14B ''data'':2A,15B ''ensur'':4B ''keep'':13B ''manag'':9B ''optim'':11B ''perform'':12B ''profession'':8B ''reliabl'':21B ''run'':18B ''server'':6B ''smooth'':19B');

-- Insert product_feature (depends on both product and feature)
INSERT INTO public.product_feature (product_id, feature_id, created_at) VALUES
	(1001, 301, '2025-10-03 04:58:34.808187'),
	(1001, 302, '2025-10-03 04:58:34.808187'),
	(1002, 301, '2025-10-03 04:58:34.808187'),
	(1002, 302, '2025-10-03 04:58:34.808187'),
	(1003, 301, '2025-10-03 04:58:34.808187'),
	(1003, 302, '2025-10-03 04:58:34.808187'),
	(1004, 301, '2025-10-03 04:58:34.808187'),
	(1004, 302, '2025-10-03 04:58:34.808187'),
	(1006, 301, '2025-10-03 04:58:34.808187'),
	(1006, 303, '2025-10-03 04:58:34.808187'),
	(1011, 301, '2025-10-03 04:58:34.808187'),
	(1011, 304, '2025-10-03 04:58:34.808187'),
	(1011, 305, '2025-10-03 04:58:34.808187'),
	(1011, 306, '2025-10-03 04:58:34.808187'),
	(1011, 309, '2025-10-03 04:58:34.808187'),
	(1012, 301, '2025-10-03 04:58:34.808187'),
	(1012, 304, '2025-10-03 04:58:34.808187'),
	(1012, 305, '2025-10-03 04:58:34.808187'),
	(1012, 306, '2025-10-03 04:58:34.808187'),
	(1012, 310, '2025-10-03 04:58:34.808187'),
	(1013, 301, '2025-10-03 04:58:34.808187'),
	(1013, 304, '2025-10-03 04:58:34.808187'),
	(1013, 305, '2025-10-03 04:58:34.808187'),
	(1013, 311, '2025-10-03 04:58:34.808187'),
	(1014, 301, '2025-10-03 04:58:34.808187'),
	(1014, 304, '2025-10-03 04:58:34.808187'),
	(1014, 305, '2025-10-03 04:58:34.808187'),
	(1014, 312, '2025-10-03 04:58:34.808187'),
	(1016, 301, '2025-10-03 04:58:34.808187'),
	(1016, 313, '2025-10-03 04:58:34.808187'),
	(1024, 301, '2025-10-03 04:58:34.808187'),
	(1024, 307, '2025-10-03 04:58:34.808187'),
	(1025, 301, '2025-10-03 04:58:34.808187'),
	(1025, 307, '2025-10-03 04:58:34.808187'),
	(1025, 314, '2025-10-03 04:58:34.808187'),
	(1026, 315, '2025-10-03 04:58:34.808187'),
	(1028, 316, '2025-10-03 04:58:34.808187'),
	(1029, 316, '2025-10-03 04:58:34.808187'),
	(1030, 316, '2025-10-03 04:58:34.808187'),
	(1031, 317, '2025-10-03 04:58:34.808187'),
	(1031, 318, '2025-10-03 04:58:34.808187'),
	(1033, 317, '2025-10-03 04:58:34.808187'),
	(1039, 308, '2025-10-03 04:58:34.808187'),
	(1040, 308, '2025-10-03 04:58:34.808187');
